{
  "mel87": {
    "stdev": 0.03416871252287356, 
    "mean": 0.015656767122252464
  }, 
  "mel86": {
    "stdev": 0.04435445542745484, 
    "mean": 0.01687112658980446
  }, 
  "mfccs18": {
    "stdev": 3.0601546729435105, 
    "mean": -3.7020585325160824
  }, 
  "mfccs19": {
    "stdev": 2.817114770547856, 
    "mean": -2.115114344244366
  }, 
  "mel83": {
    "stdev": 0.07543894286580964, 
    "mean": 0.023536374410089187
  }, 
  "mel82": {
    "stdev": 0.130871296315966, 
    "mean": 0.03087736098351994
  }, 
  "mel81": {
    "stdev": 0.13574098720833083, 
    "mean": 0.031020894238159073
  }, 
  "mel80": {
    "stdev": 0.12054730721476702, 
    "mean": 0.02963973303280385
  }, 
  "mfccs12": {
    "stdev": 4.629556564943066, 
    "mean": -3.415687346769646
  }, 
  "mfccs13": {
    "stdev": 3.908510011203422, 
    "mean": -3.383897961525227
  }, 
  "mfccs10": {
    "stdev": 5.819618838333847, 
    "mean": -4.004319743142619
  }, 
  "mfccs11": {
    "stdev": 4.259187184740021, 
    "mean": -2.5363704246425853
  }, 
  "mfccs16": {
    "stdev": 3.7901941254302005, 
    "mean": -3.8743625540331563
  }, 
  "mfccs17": {
    "stdev": 3.211002163338846, 
    "mean": -3.0021244663566704
  }, 
  "mfccs14": {
    "stdev": 4.10628343657885, 
    "mean": -1.501153722469794
  }, 
  "mfccs15": {
    "stdev": 4.364642798217472, 
    "mean": -2.435406270414809
  }, 
  "mel121": {
    "stdev": 0.0026879525780707653, 
    "mean": 0.0005272468063706517
  }, 
  "mel84": {
    "stdev": 0.05495010089813061, 
    "mean": 0.021289270625046784
  }, 
  "mel32": {
    "stdev": 1.8287573898669947, 
    "mean": 0.79012519818993
  }, 
  "mel33": {
    "stdev": 1.4051509440756587, 
    "mean": 0.5387532417426177
  }, 
  "mel30": {
    "stdev": 4.651643417222216, 
    "mean": 1.4940255555081365
  }, 
  "mel31": {
    "stdev": 2.8313067810282955, 
    "mean": 1.1208715924770003
  }, 
  "mel36": {
    "stdev": 1.9727830635876857, 
    "mean": 0.5957048993583769
  }, 
  "mel37": {
    "stdev": 2.0811233734252417, 
    "mean": 0.539980232883107
  }, 
  "mel34": {
    "stdev": 1.8249814102089583, 
    "mean": 0.5940183255352749
  }, 
  "mel35": {
    "stdev": 1.9144568357122445, 
    "mean": 0.628282208817011
  }, 
  "mel38": {
    "stdev": 1.3417782009692159, 
    "mean": 0.3913924762413661
  }, 
  "mel39": {
    "stdev": 0.8574750875267333, 
    "mean": 0.33869238493033466
  }, 
  "mel118": {
    "stdev": 0.024278586474945893, 
    "mean": 0.0038142406236896464
  }, 
  "mel90": {
    "stdev": 0.08198496524503725, 
    "mean": 0.02213461595019096
  }, 
  "mel91": {
    "stdev": 0.1105787685100757, 
    "mean": 0.026035441073191917
  }, 
  "mel92": {
    "stdev": 0.15855286821704118, 
    "mean": 0.029477272115985068
  }, 
  "mel93": {
    "stdev": 0.14559750221515946, 
    "mean": 0.025850702738422503
  }, 
  "mel94": {
    "stdev": 0.22551765431264245, 
    "mean": 0.03324673380314089
  }, 
  "mel95": {
    "stdev": 0.10987489294601019, 
    "mean": 0.022730687018152507
  }, 
  "mel96": {
    "stdev": 0.09421167754361255, 
    "mean": 0.01816416819950024
  }, 
  "mel97": {
    "stdev": 0.0454937440051659, 
    "mean": 0.009988773924112411
  }, 
  "mel98": {
    "stdev": 0.036170241607732384, 
    "mean": 0.007559694918143831
  }, 
  "mel99": {
    "stdev": 0.01985592510506523, 
    "mean": 0.0048660436689755586
  }, 
  "mel127": {
    "stdev": 3.6508909016790534e-05, 
    "mean": 4.567908620735656e-06
  }, 
  "tonnetz3": {
    "stdev": 0.04309294962525532, 
    "mean": -0.007005951738589487
  }, 
  "tonnetz1": {
    "stdev": 0.009672778027548231, 
    "mean": 0.0009980123553154066
  }, 
  "mel89": {
    "stdev": 0.057058982552721405, 
    "mean": 0.019289906323932716
  }, 
  "mel88": {
    "stdev": 0.04037883772874623, 
    "mean": 0.017277906938957206
  }, 
  "mel126": {
    "stdev": 0.0005023427460503994, 
    "mean": 6.151182082052033e-05
  }, 
  "mel110": {
    "stdev": 0.03741859139971244, 
    "mean": 0.006443878913159956
  }, 
  "mel69": {
    "stdev": 0.13076732348908376, 
    "mean": 0.04962750812774098
  }, 
  "mel68": {
    "stdev": 0.13622369876036558, 
    "mean": 0.053353813694907375
  }, 
  "mel65": {
    "stdev": 0.2189750182656885, 
    "mean": 0.05480482019243695
  }, 
  "mel64": {
    "stdev": 0.22965787156772585, 
    "mean": 0.06186922631347243
  }, 
  "mel67": {
    "stdev": 0.09091879495497088, 
    "mean": 0.04412867546271007
  }, 
  "mel66": {
    "stdev": 0.11660287744182511, 
    "mean": 0.05018386596195561
  }, 
  "mel61": {
    "stdev": 0.3167299777996701, 
    "mean": 0.08547458167616119
  }, 
  "mel60": {
    "stdev": 0.25473983667575517, 
    "mean": 0.08670741068263704
  }, 
  "mel63": {
    "stdev": 0.15035320107071384, 
    "mean": 0.05341544218788816
  }, 
  "mel62": {
    "stdev": 0.11749767093541359, 
    "mean": 0.05447635527087999
  }, 
  "tonnetz2": {
    "stdev": 0.04550904049379678, 
    "mean": 0.0020970219856003692
  }, 
  "mel18": {
    "stdev": 7.07411840240498, 
    "mean": 3.5222395163529305
  }, 
  "mel19": {
    "stdev": 8.015087631785686, 
    "mean": 3.9346647567759723
  }, 
  "mel122": {
    "stdev": 0.002061607894867919, 
    "mean": 0.000353847898161004
  }, 
  "mel10": {
    "stdev": 7.262549922172382, 
    "mean": 2.9467477780045
  }, 
  "mel11": {
    "stdev": 6.485203424391037, 
    "mean": 2.620623724838293
  }, 
  "mel12": {
    "stdev": 5.806440574658078, 
    "mean": 2.9711807979364457
  }, 
  "mel13": {
    "stdev": 4.072232778168157, 
    "mean": 2.7881718362150734
  }, 
  "mel14": {
    "stdev": 5.8635478359604845, 
    "mean": 3.4536692715923722
  }, 
  "mel15": {
    "stdev": 5.86621754989532, 
    "mean": 3.8467011303125505
  }, 
  "mel16": {
    "stdev": 9.630651296816323, 
    "mean": 5.256228622591899
  }, 
  "mel17": {
    "stdev": 13.024487660493303, 
    "mean": 5.482716413699723
  }, 
  "mel120": {
    "stdev": 0.0070893128557803844, 
    "mean": 0.001095335848610095
  }, 
  "mel78": {
    "stdev": 0.16330251764435008, 
    "mean": 0.04605104955169261
  }, 
  "mel79": {
    "stdev": 0.17115250269589805, 
    "mean": 0.038367605712730436
  }, 
  "mel76": {
    "stdev": 0.10919944541893267, 
    "mean": 0.03856700252182493
  }, 
  "mel77": {
    "stdev": 0.11660355559685126, 
    "mean": 0.041358249639176455
  }, 
  "mel74": {
    "stdev": 0.09292582490261266, 
    "mean": 0.03840594254961084
  }, 
  "mel75": {
    "stdev": 0.09850369810027317, 
    "mean": 0.036393661105599905
  }, 
  "mel72": {
    "stdev": 0.11903123761187949, 
    "mean": 0.041573950236748834
  }, 
  "mel73": {
    "stdev": 0.09746749064509988, 
    "mean": 0.04026968162517948
  }, 
  "mel70": {
    "stdev": 0.16451860577608565, 
    "mean": 0.04475764919495435
  }, 
  "mel71": {
    "stdev": 0.08610828217898416, 
    "mean": 0.038717841761093594
  }, 
  "mel119": {
    "stdev": 0.022264756340000063, 
    "mean": 0.003022957077066449
  }, 
  "mel125": {
    "stdev": 0.0018205631139306781, 
    "mean": 0.0002090890904143488
  }, 
  "mel124": {
    "stdev": 0.0036031225315617844, 
    "mean": 0.0003936985019973704
  }, 
  "mel8": {
    "stdev": 20.20813739491311, 
    "mean": 6.882033197756703
  }, 
  "mel9": {
    "stdev": 7.217868416591566, 
    "mean": 3.747834872996775
  }, 
  "mel2": {
    "stdev": 2.3101681837992065, 
    "mean": 0.7949341244445378
  }, 
  "mel3": {
    "stdev": 3.4232330919713028, 
    "mean": 1.7711510040954934
  }, 
  "mel0": {
    "stdev": 0.0943704570006167, 
    "mean": 0.02900117613157634
  }, 
  "mel1": {
    "stdev": 0.6761727428080277, 
    "mean": 0.23472923274699306
  }, 
  "mel6": {
    "stdev": 4.507983759778233, 
    "mean": 2.6923552944230145
  }, 
  "mel7": {
    "stdev": 15.886704043323318, 
    "mean": 6.55537529092573
  }, 
  "mel4": {
    "stdev": 5.03022218516612, 
    "mean": 2.4560069050082474
  }, 
  "mel5": {
    "stdev": 4.157391653261206, 
    "mean": 1.8631922154106897
  }, 
  "mel112": {
    "stdev": 0.04944094807998095, 
    "mean": 0.008729466044301616
  },