{
  "mel87": {
    "stdev": 0.05194896056299629, 
    "mean": 0.030541426905254777
  }, 
  "mel86": {
    "stdev": 0.07162975596190878, 
    "mean": 0.033657773074292796
  }, 
  "mfccs18": {
    "stdev": 2.566063278197797, 
    "mean": 3.262380576714429
  }, 
  "mfccs19": {
    "stdev": 2.2835841006547652, 
    "mean": 3.1257184060574867
  }, 
  "mel83": {
    "stdev": 0.12795493973083608, 
    "mean": 0.04667002333108293
  }, 
  "mel82": {
    "stdev": 0.16560489623644262, 
    "mean": 0.05121717211247386
  }, 
  "mel81": {
    "stdev": 0.22777526939727627, 
    "mean": 0.06576960777217883
  }, 
  "mel80": {
    "stdev": 0.21089416919543602, 
    "mean": 0.06622349751257582
  }, 
  "mfccs12": {
    "stdev": 3.6974840043226953, 
    "mean": 4.827782785760496
  }, 
  "mfccs13": {
    "stdev": 3.333288414598603, 
    "mean": 4.232176497488518
  }, 
  "mfccs10": {
    "stdev": 5.478530779565563, 
    "mean": 6.4181547912090755
  }, 
  "mfccs11": {
    "stdev": 3.939998177682197, 
    "mean": 5.074711294938879
  }, 
  "mfccs16": {
    "stdev": 3.7957425602891837, 
    "mean": 4.32434317555632
  }, 
  "mfccs17": {
    "stdev": 2.724413943552637, 
    "mean": 3.3388626553816807
  }, 
  "mfccs14": {
    "stdev": 3.3716339356240277, 
    "mean": 4.294686382431283
  }, 
  "mfccs15": {
    "stdev": 3.6934073425214895, 
    "mean": 4.766571065026356
  }, 
  "mel121": {
    "stdev": 0.0009718782182193473, 
    "mean": 0.0002713428874396354
  }, 
  "mel84": {
    "stdev": 0.08389714365513377, 
    "mean": 0.036858730892625945
  }, 
  "mel32": {
    "stdev": 2.2574648668107185, 
    "mean": 1.1830164505035208
  }, 
  "mel33": {
    "stdev": 2.131940390109471, 
    "mean": 0.9605109406113288
  }, 
  "mel30": {
    "stdev": 3.8554063119505244, 
    "mean": 1.6783151054352583
  }, 
  "mel31": {
    "stdev": 3.551828577618899, 
    "mean": 1.588193353736238
  }, 
  "mel36": {
    "stdev": 1.2422143200064022, 
    "mean": 0.6004419828667468
  }, 
  "mel37": {
    "stdev": 2.9013271862554295, 
    "mean": 0.6881725463471083
  }, 
  "mel34": {
    "stdev": 1.7942231386507672, 
    "mean": 0.8749350838886064
  }, 
  "mel35": {
    "stdev": 1.9781780381163059, 
    "mean": 0.8560489639169561
  }, 
  "mel38": {
    "stdev": 2.098768838558663, 
    "mean": 0.6545250797368706
  }, 
  "mel39": {
    "stdev": 1.1658524861975792, 
    "mean": 0.5378451123741133
  }, 
  "mel118": {
    "stdev": 0.01651682501553357, 
    "mean": 0.004067136227103888
  }, 
  "mel90": {
    "stdev": 0.13985465966527946, 
    "mean": 0.04880275956898214
  }, 
  "mel91": {
    "stdev": 0.18865711534319843, 
    "mean": 0.05856053074542222
  }, 
  "mel92": {
    "stdev": 0.27875618545679787, 
    "mean": 0.07270609180740287
  }, 
  "mel93": {
    "stdev": 0.26218735251594527, 
    "mean": 0.0689095562074805
  }, 
  "mel94": {
    "stdev": 0.4074525296591851, 
    "mean": 0.09214192274412847
  }, 
  "mel95": {
    "stdev": 0.18052807346430483, 
    "mean": 0.050399538919805774
  }, 
  "mel96": {
    "stdev": 0.13491753933694822, 
    "mean": 0.03519695870383451
  }, 
  "mel97": {
    "stdev": 0.03477562600119489, 
    "mean": 0.014409675960762048
  }, 
  "mel98": {
    "stdev": 0.0202341427113372, 
    "mean": 0.009259459393318533
  }, 
  "mel99": {
    "stdev": 0.013848029295654731, 
    "mean": 0.006386495655782323
  }, 
  "mel127": {
    "stdev": 8.521784488197254e-06, 
    "mean": 1.7475832813394544e-06
  }, 
  "tonnetz3": {
    "stdev": 0.03794652913227904, 
    "mean": 0.04987467092152824
  }, 
  "tonnetz1": {
    "stdev": 0.008879205586595015, 
    "mean": 0.010873095527342733
  }, 
  "mel89": {
    "stdev": 0.09311837434446438, 
    "mean": 0.039410807634553034
  }, 
  "mel88": {
    "stdev": 0.061636322185557056, 
    "mean": 0.034712041890803035
  }, 
  "mel126": {
    "stdev": 0.0001460535893093792, 
    "mean": 2.5992786593020975e-05
  }, 
  "mel110": {
    "stdev": 0.05661537112910496, 
    "mean": 0.012075315052032694
  }, 
  "mel69": {
    "stdev": 0.20545716358480576, 
    "mean": 0.08805904197039126
  }, 
  "mel68": {
    "stdev": 0.18621402920825997, 
    "mean": 0.08300104121742297
  }, 
  "mel65": {
    "stdev": 0.38296847117612415, 
    "mean": 0.10310657051505123
  }, 
  "mel64": {
    "stdev": 0.3202185157470113, 
    "mean": 0.08841803843370212
  }, 
  "mel67": {
    "stdev": 0.102116681008945, 
    "mean": 0.05851600424146971
  }, 
  "mel66": {
    "stdev": 0.09651153309793102, 
    "mean": 0.06164568702311197
  }, 
  "mel61": {
    "stdev": 0.5299421593525045, 
    "mean": 0.16275508330257607
  }, 
  "mel60": {
    "stdev": 0.41016874410719817, 
    "mean": 0.1562483950431258
  }, 
  "mel63": {
    "stdev": 0.10230965581284156, 
    "mean": 0.06207028538235032
  }, 
  "mel62": {
    "stdev": 0.1650225346219842, 
    "mean": 0.08654395987674497
  }, 
  "tonnetz2": {
    "stdev": 0.04202854553506608, 
    "mean": 0.05433477123875805
  }, 
  "mel18": {
    "stdev": 9.908274436867186, 
    "mean": 6.014031126523068
  }, 
  "mel19": {
    "stdev": 9.088755127068762, 
    "mean": 5.330173996924857
  }, 
  "mel122": {
    "stdev": 0.0005549977599163034, 
    "mean": 0.00015408450857641134
  }, 
  "mel10": {
    "stdev": 8.54662471698234, 
    "mean": 4.69357663019436
  }, 
  "mel11": {
    "stdev": 8.427232778664939, 
    "mean": 3.8469950292654347
  }, 
  "mel12": {
    "stdev": 6.88959772589422, 
    "mean": 4.033517129235507
  }, 
  "mel13": {
    "stdev": 4.3700033820920705, 
    "mean": 3.393503715291865
  }, 
  "mel14": {
    "stdev": 6.5620479099392215, 
    "mean": 4.5235715004154855
  }, 
  "mel15": {
    "stdev": 7.052484892643021, 
    "mean": 5.404583879913129
  }, 
  "mel16": {
    "stdev": 13.663000546920864, 
    "mean": 8.114575852112008
  }, 
  "mel17": {
    "stdev": 20.310945684399176, 
    "mean": 10.366998633727587
  }, 
  "mel120": {
    "stdev": 0.002684017068741888, 
    "mean": 0.0007061458163263204
  }, 
  "mel78": {
    "stdev": 0.2544263998461588, 
    "mean": 0.09452604414941626
  }, 
  "mel79": {
    "stdev": 0.24894785915038747, 
    "mean": 0.07732936099050997
  }, 
  "mel76": {
    "stdev": 0.16157967937103782, 
    "mean": 0.07134069700203849
  }, 
  "mel77": {
    "stdev": 0.1793207523031837, 
    "mean": 0.07757780745050426
  }, 
  "mel74": {
    "stdev": 0.10255569942022716, 
    "mean": 0.05381137448626139
  }, 
  "mel75": {
    "stdev": 0.11275347353081666, 
    "mean": 0.05740737390921828
  }, 
  "mel72": {
    "stdev": 0.19647990885013933, 
    "mean": 0.07150863125888303
  }, 
  "mel73": {
    "stdev": 0.12526649059127096, 
    "mean": 0.060133040705186463
  }, 
  "mel70": {
    "stdev": 0.2837888322002331, 
    "mean": 0.07510027707033211
  }, 
  "mel71": {
    "stdev": 0.1318007450351934, 
    "mean": 0.06125857095769031
  }, 
  "mel119": {
    "stdev": 0.008799922033462106, 
    "mean": 0.0020834699625720955
  }, 
  "mel125": {
    "stdev": 0.0003542808920205518, 
    "mean": 6.86971114800639e-05
  }, 
  "mel124": {
    "stdev": 0.0003434707162792456, 
    "mean": 7.62927423900239e-05
  }, 
  "mel8": {
    "stdev": 34.03777989379592, 
    "mean": 13.31932595261148
  }, 
  "mel9": {
    "stdev": 9.103451383971723, 
    "mean": 5.768301549077226
  }, 
  "mel2": {
    "stdev": 1.9065145817351845, 
    "mean": 1.00005603965892
  }, 
  "mel3": {
    "stdev": 3.3323476965551952, 
    "mean": 2.1348546248251434
  }, 
  "mel0": {
    "stdev": 0.13087351318485205, 
    "mean": 0.04863304423993192
  }, 
  "mel1": {
    "stdev": 0.8955589292856377, 
    "mean": 0.37822832744114065
  }, 
  "mel6": {
    "stdev": 3.495014886929846, 
    "mean": 2.7849454949750907
  }, 
  "mel7": {
    "stdev": 20.67931396203313, 
    "mean": 10.149341657872998
  }, 
  "mel4": {
    "stdev": 5.555754000543515, 
    "mean": 3.2240411354764413
  }, 
  "mel5": {
    "stdev": 5.4637703580643295, 
    "mean": 2.774372361985718
  }, 
  "mel112": {
    "stdev": 0.06883786747387644, 
    "mean": 0.015938660724111788
  }, 
  "mel113": {
    "stdev": 0.08744660757310226,