{
  "mel87": {
    "stdev": 0.04841229522275735, 
    "mean": 0.026770131561708054
  }, 
  "mel86": {
    "stdev": 0.06688852491937217, 
    "mean": 0.02951628946317707
  }, 
  "mfccs18": {
    "stdev": 2.2802789963713743, 
    "mean": 2.712691172022022
  }, 
  "mfccs19": {
    "stdev": 2.0419962341756026, 
    "mean": 2.554087432360276
  }, 
  "mel83": {
    "stdev": 0.11846993862846074, 
    "mean": 0.041277025196289396
  }, 
  "mel82": {
    "stdev": 0.15915067551507744, 
    "mean": 0.046961743404438476
  }, 
  "mel81": {
    "stdev": 0.21410359923502575, 
    "mean": 0.05979344889443712
  }, 
  "mel80": {
    "stdev": 0.19578092416077075, 
    "mean": 0.059233310311647504
  }, 
  "mfccs12": {
    "stdev": 3.2474720808186706, 
    "mean": 3.8616476783987665
  }, 
  "mfccs13": {
    "stdev": 2.9291839717722987, 
    "mean": 3.569130927597782
  }, 
  "mfccs10": {
    "stdev": 4.710191566997395, 
    "mean": 4.9897003166777
  }, 
  "mfccs11": {
    "stdev": 3.401089141713838, 
    "mean": 4.016685446800474
  }, 
  "mfccs16": {
    "stdev": 3.214263793124221, 
    "mean": 3.3201299817436096
  }, 
  "mfccs17": {
    "stdev": 2.377798002591338, 
    "mean": 2.733078965213146
  }, 
  "mfccs14": {
    "stdev": 2.907220290175725, 
    "mean": 3.3587012570411883
  }, 
  "mfccs15": {
    "stdev": 3.1983702156838856, 
    "mean": 3.7186671447055883
  }, 
  "mel121": {
    "stdev": 0.0008951824424848813, 
    "mean": 0.00021955513708927206
  }, 
  "mel84": {
    "stdev": 0.07830205738565857, 
    "mean": 0.03260767325956478
  }, 
  "mel32": {
    "stdev": 2.1875231357661837, 
    "mean": 1.1216118225016118
  }, 
  "mel33": {
    "stdev": 2.030550827526916, 
    "mean": 0.8841295825556078
  }, 
  "mel30": {
    "stdev": 3.8672872318018126, 
    "mean": 1.5694623361475106
  }, 
  "mel31": {
    "stdev": 3.6087881177869914, 
    "mean": 1.5246065479478534
  }, 
  "mel36": {
    "stdev": 1.2468648762012349, 
    "mean": 0.5555066838025502
  }, 
  "mel37": {
    "stdev": 3.0051604419889713, 
    "mean": 0.6686659014104841
  }, 
  "mel34": {
    "stdev": 1.686914436596648, 
    "mean": 0.784596837334133
  }, 
  "mel35": {
    "stdev": 1.8766561721352881, 
    "mean": 0.7809665391905632
  }, 
  "mel38": {
    "stdev": 2.1154013892530608, 
    "mean": 0.636678483331938
  }, 
  "mel39": {
    "stdev": 1.1462832305375268, 
    "mean": 0.5109545714764461
  }, 
  "mel118": {
    "stdev": 0.014513916804695748, 
    "mean": 0.003147596494918122
  }, 
  "mel90": {
    "stdev": 0.13289320581166716, 
    "mean": 0.043843475761957046
  }, 
  "mel91": {
    "stdev": 0.18253075873869565, 
    "mean": 0.05445430825774433
  }, 
  "mel92": {
    "stdev": 0.27395074656121754, 
    "mean": 0.06902983470178915
  }, 
  "mel93": {
    "stdev": 0.2552972272613015, 
    "mean": 0.06368859949548962
  }, 
  "mel94": {
    "stdev": 0.4032424583572243, 
    "mean": 0.0888813227279506
  }, 
  "mel95": {
    "stdev": 0.1777010425906916, 
    "mean": 0.04713424831642705
  }, 
  "mel96": {
    "stdev": 0.1343549899104072, 
    "mean": 0.03331946076725441
  }, 
  "mel97": {
    "stdev": 0.033294225062954756, 
    "mean": 0.01253161765520027
  }, 
  "mel98": {
    "stdev": 0.019138927432050465, 
    "mean": 0.008091395977848498
  }, 
  "mel99": {
    "stdev": 0.013112743760896294, 
    "mean": 0.005568775562770241
  }, 
  "mel127": {
    "stdev": 6.2788491548197756e-06, 
    "mean": 1.105039408152179e-06
  }, 
  "tonnetz3": {
    "stdev": 0.035979003484755745, 
    "mean": 0.04683018556275802
  }, 
  "tonnetz1": {
    "stdev": 0.008407076789370962, 
    "mean": 0.010386447310811972
  }, 
  "mel89": {
    "stdev": 0.08775247745126194, 
    "mean": 0.03451709744694883
  }, 
  "mel88": {
    "stdev": 0.05578806730462393, 
    "mean": 0.029599558481109157
  }, 
  "mel126": {
    "stdev": 0.00010591647770219697, 
    "mean": 1.4323532197908708e-05
  }, 
  "mel110": {
    "stdev": 0.053336842733826446, 
    "mean": 0.01071713978242803
  }, 
  "mel69": {
    "stdev": 0.19782002890886324, 
    "mean": 0.08118079408200858
  }, 
  "mel68": {
    "stdev": 0.18179736741985883, 
    "mean": 0.0778255888275738
  }, 
  "mel65": {
    "stdev": 0.38287595244503236, 
    "mean": 0.10053870342700603
  }, 
  "mel64": {
    "stdev": 0.32361502093992667, 
    "mean": 0.08790433203967221
  }, 
  "mel67": {
    "stdev": 0.09987563926546264, 
    "mean": 0.05347190593375513
  }, 
  "mel66": {
    "stdev": 0.09495680083971528, 
    "mean": 0.05673026375750073
  }, 
  "mel61": {
    "stdev": 0.5337709163323637, 
    "mean": 0.16167845072373602
  }, 
  "mel60": {
    "stdev": 0.4065709587560945, 
    "mean": 0.15287527647319232
  }, 
  "mel63": {
    "stdev": 0.10162832109066601, 
    "mean": 0.059513154207216125
  }, 
  "mel62": {
    "stdev": 0.16417012358986954, 
    "mean": 0.08236258937222501
  }, 
  "tonnetz2": {
    "stdev": 0.03895862031306341, 
    "mean": 0.05027268563759019
  }, 
  "mel18": {
    "stdev": 8.610702182580372, 
    "mean": 4.928379397589886
  }, 
  "mel19": {
    "stdev": 8.483195710494895, 
    "mean": 4.633362837811776
  }, 
  "mel122": {
    "stdev": 0.0004953436316415211, 
    "mean": 0.00012007289018634416
  }, 
  "mel10": {
    "stdev": 6.87064390510569, 
    "mean": 3.437171628858765
  }, 
  "mel11": {
    "stdev": 6.46099280523902, 
    "mean": 2.6436976532286245
  }, 
  "mel12": {
    "stdev": 5.750438823087226, 
    "mean": 2.969650517506417
  }, 
  "mel13": {
    "stdev": 3.937008626965149, 
    "mean": 2.852075172957928
  }, 
  "mel14": {
    "stdev": 6.45495080349975, 
    "mean": 4.050577843009884
  }, 
  "mel15": {
    "stdev": 6.996576405713487, 
    "mean": 4.6828139744671144
  }, 
  "mel16": {
    "stdev": 12.711311146653983, 
    "mean": 6.991501137903901
  }, 
  "mel17": {
    "stdev": 18.188850923164253, 
    "mean": 8.742342062468188
  }, 
  "mel120": {
    "stdev": 0.002447955121980825, 
    "mean": 0.0005672521260654106
  }, 
  "mel78": {
    "stdev": 0.2341347260668081, 
    "mean": 0.08228711145946867
  }, 
  "mel79": {
    "stdev": 0.23544012112547974, 
    "mean": 0.07010076218974592
  }, 
  "mel76": {
    "stdev": 0.1536079983156098, 
    "mean": 0.06267240293813443
  }, 
  "mel77": {
    "stdev": 0.17019634109090956, 
    "mean": 0.07002249748577938
  }, 
  "mel74": {
    "stdev": 0.0983188684163751, 
    "mean": 0.04934273670982907
  }, 
  "mel75": {
    "stdev": 0.10661092246074882, 
    "mean": 0.051726793179710046
  }, 
  "mel72": {
    "stdev": 0.19729406983391257, 
    "mean": 0.06857713519737568
  }, 
  "mel73": {
    "stdev": 0.12426494025248137, 
    "mean": 0.05650956356083364
  }, 
  "mel70": {
    "stdev": 0.2920461243775329, 
    "mean": 0.07274688751627079
  }, 
  "mel71": {
    "stdev": 0.13037158524107592, 
    "mean": 0.057111657004466056
  }, 
  "mel119": {
    "stdev": 0.007962636818122615, 
    "mean": 0.0016643501346957276
  }, 
  "mel125": {
    "stdev": 0.00025724403523865694, 
    "mean": 3.806685934812443e-05
  }, 
  "mel124": {
    "stdev": 0.0002504794170906199, 
    "mean": 4.464236282439393e-05
  }, 
  "mel8": {
    "stdev": 28.12513818320495, 
    "mean": 10.04752908849242
  }, 
  "mel9": {
    "stdev": 7.9362659998180005, 
    "mean": 4.457553237502496
  }, 
  "mel2": {
    "stdev": 1.6043417885241065, 
    "mean": 0.7316336072481644
  }, 
  "mel3": {
    "stdev": 2.737443535317599, 
    "mean": 1.467868376774908
  }, 
  "mel0": {
    "stdev": 0.10061605659084888, 
    "mean": 0.03229679776774569
  }, 
  "mel1": {
    "stdev": 0.7864843813190019, 
    "mean": 0.28959192610014317
  }, 
  "mel6": {
    "stdev": 3.3258044263198867, 
    "mean": 2.2810754669882005
  }, 
  "mel7": {
    "stdev": 16.793480004720827, 
    "mean": 7.325961687452489
  }, 
  "mel4": {
    "stdev": 4.5389562938247465, 
    "mean": 2.3184685347535443
  }, 
  "mel5": {
    "stdev": 4.2797964544185305, 
    "mean": 2.0303175811014857
  }, 
  "mel112": {
    "stdev": 0.06273980112806328, 
    "mean": 0.01310858708531469
  },